INSERT INTO lineage.bas_user (user_id, username, password, locked, create_time, modify_time, invalid) VALUES (1, 'demo', 'demo', 0, 1674565178000, 1674565178000, 0);
INSERT INTO lineage.bas_user (user_id, username, password, locked, create_time, modify_time, invalid) VALUES (2, 'admin', 'admin', 0, 1674565178000, 1674565178000, 0);
INSERT INTO lineage.bas_user (user_id, username, password, locked, create_time, modify_time, invalid) VALUES (3, 'HamaWhite', '123456', 0, 1674565178000, 1674565178000, 0);
INSERT INTO lineage.bas_user (user_id, username, password, locked, create_time, modify_time, invalid) VALUES (4, 'Asteria', '123456', 0, 1674565178000, 1674565178000, 0);
INSERT INTO lineage.bas_user (user_id, username, password, locked, create_time, modify_time, invalid) VALUES (5, 'Cattleya', '123456', 0, 1674565178000, 1674565178000, 0);

INSERT INTO lineage.bas_role (role_id, role_name, create_time, modify_time, invalid) VALUES (1, 'USER', 1674565178000, 1674565178000, 0);
INSERT INTO lineage.bas_role (role_id, role_name, create_time, modify_time, invalid) VALUES (2, 'ADMIN', 1674565178000, 1674565178000, 0);

INSERT INTO lineage.rel_role_user (rid, role_id, user_id, invalid) VALUES (1, 1, 1, 0);
INSERT INTO lineage.rel_role_user (rid, role_id, user_id, invalid) VALUES (2, 2, 2, 0);
INSERT INTO lineage.rel_role_user (rid, role_id, user_id, invalid) VALUES (3, 1, 3, 0);
INSERT INTO lineage.rel_role_user (rid, role_id, user_id, invalid) VALUES (4, 1, 4, 0);
INSERT INTO lineage.rel_role_user (rid, role_id, user_id, invalid) VALUES (5, 1, 5, 0);

INSERT INTO lineage.bas_permission (permission_id, permission_group, permission_name, permission_code, create_time, modify_time, invalid) VALUES (1, 'plugins', 'add plugin', 'system:plugin:add', 1674565178000, 1674565178000, 0);
INSERT INTO lineage.bas_permission (permission_id, permission_group, permission_name, permission_code, create_time, modify_time, invalid) VALUES (2, 'plugins', 'edit plugin', 'system:plugin:edit', 1674565178000, 1674565178000, 0);
INSERT INTO lineage.bas_permission (permission_id, permission_group, permission_name, permission_code, create_time, modify_time, invalid) VALUES (3, 'plugins', 'delete plugin', 'system:plugin:delete', 1674565178000, 1674565178000, 0);
INSERT INTO lineage.bas_permission (permission_id, permission_group, permission_name, permission_code, create_time, modify_time, invalid) VALUES (4, 'plugins', 'disable plugin', 'system:plugin:disable', 1674565178000, 1674565178000, 0);
INSERT INTO lineage.bas_permission (permission_id, permission_group, permission_name, permission_code, create_time, modify_time, invalid) VALUES (5, 'plugins', 'list plugin', 'system:plugin:list', 1674565178000, 1674565178000, 0);

INSERT INTO lineage.rel_role_permission (rid, role_id, permission_id, invalid) VALUES (1, 1, 5, 0);
INSERT INTO lineage.rel_role_permission (rid, role_id, permission_id, invalid) VALUES (2, 2, 1, 0);
INSERT INTO lineage.rel_role_permission (rid, role_id, permission_id, invalid) VALUES (3, 2, 2, 0);
INSERT INTO lineage.rel_role_permission (rid, role_id, permission_id, invalid) VALUES (4, 2, 3, 0);
INSERT INTO lineage.rel_role_permission (rid, role_id, permission_id, invalid) VALUES (5, 2, 4, 0);
INSERT INTO lineage.rel_role_permission (rid, role_id, permission_id, invalid) VALUES (6, 2, 5, 0);

INSERT INTO lineage.bas_plugin (plugin_id, plugin_name, plugin_code, descr, default_plugin, create_user_id, modify_user_id, create_time, modify_time, invalid) VALUES (1, 'Flink1.16', 'flink1.16.x', 'Field lineage plugin for flink1.16', 1, 2, 2, 1674565178000, 1674565178000, 0);
INSERT INTO lineage.bas_plugin (plugin_id, plugin_name, plugin_code, descr, default_plugin, create_user_id, modify_user_id, create_time, modify_time, invalid) VALUES (2, 'Flink1.14', 'flink1.14.x', 'Field lineage plugin for flink1.14', 0, 2, 2, 1674565178000, 1674565178000, 0);

INSERT INTO lineage.bas_catalog (catalog_id, plugin_id, catalog_name, catalog_type, default_database, descr, catalog_properties, default_catalog, create_user_id, modify_user_id, create_time, modify_time, invalid) VALUES (1, 1, 'Flink1_16_Memory', 'generic_in_memory', 'default', 'The MemoryCatalog is an in-memory implementation of a catalog. All objects will be available only for the lifetime of the session.', null, 1, 1, 1, 1674565178000, 1674565178000, 0);
INSERT INTO lineage.bas_catalog (catalog_id, plugin_id, catalog_name, catalog_type, default_database, descr, catalog_properties, default_catalog, create_user_id, modify_user_id, create_time, modify_time, invalid) VALUES (2, 1, 'Flink1_16_Jdbc', 'jdbc', 'default', 'The JdbcCatalog enables users to connect Flink to relational databases over JDBC protocol. Postgres Catalog and MySQL Catalog are the only two implementations of JDBC Catalog at the moment.', null, 0, 1, 1, 1674565178000, 1674565178000, 0);
INSERT INTO lineage.bas_catalog (catalog_id, plugin_id, catalog_name, catalog_type, default_database, descr, catalog_properties, default_catalog, create_user_id, modify_user_id, create_time, modify_time, invalid) VALUES (3, 1, 'Flink1_16_Hive', 'hive', 'default', 'The HiveCatalog serves two purposes; as persistent storage for pure Flink metadata, and as an interface for reading and writing existing Hive metadata.', null, 0, 1, 1, 1674565178000, 1674565178000, 0);
INSERT INTO lineage.bas_catalog (catalog_id, plugin_id, catalog_name, catalog_type, default_database, descr, catalog_properties, default_catalog, create_user_id, modify_user_id, create_time, modify_time, invalid) VALUES (4, 2, 'Flink1_14_Memory', 'generic_in_memory', 'default', 'The MemoryCatalog is an in-memory implementation of a catalog. All objects will be available only for the lifetime of the session.', null, 0, 1, 1, 1674565178000, 1674565178000, 0);
INSERT INTO lineage.bas_catalog (catalog_id, plugin_id, catalog_name, catalog_type, default_database, descr, catalog_properties, default_catalog, create_user_id, modify_user_id, create_time, modify_time, invalid) VALUES (5, 2, 'Flink1_14_Jdbc', 'jdbc', 'default', 'The JdbcCatalog enables users to connect Flink to relational databases over JDBC protocol. Postgres Catalog and MySQL Catalog are the only two implementations of JDBC Catalog at the moment.', null, 0, 1, 1, 1674565178000, 1674565178000, 0);
INSERT INTO lineage.bas_catalog (catalog_id, plugin_id, catalog_name, catalog_type, default_database, descr, catalog_properties, default_catalog, create_user_id, modify_user_id, create_time, modify_time, invalid) VALUES (6, 2, 'Flink1_14_Hive', 'hive', 'default', 'The HiveCatalog serves two purposes; as persistent storage for pure Flink metadata, and as an interface for reading and writing existing Hive metadata.', null, 0, 1, 1, 1674565178000, 1674565178000, 0);

INSERT INTO lineage.bas_table (table_id, catalog_id, `database`, table_name, ddl, descr, create_user_id, modify_user_id, create_time, modify_time, invalid) VALUES (1, 1, 'default', 'ods_mysql_users', 'Q1JFQVRFIFRBQkxFIElGIE5PVCBFWElTVFMgb2RzX215c3FsX3VzZXJzICgKICAgIGlkIEJJR0lOVCBQUklNQVJZIEtFWSBOT1QgRU5GT1JDRUQsCiAgICBuYW1lIFNUUklORywKICAgIGJpcnRoZGF5IFRJTUVTVEFNUCgzKSwKICAgIHRzIFRJTUVTVEFNUCgzKSwKICAgIHByb2NfdGltZSBhcyBwcm9jdGltZSAoKQogICkKV0lUSAogICgKICAgICdjb25uZWN0b3InPSdteXNxbC1jZGMnLAogICAgJ2hvc3RuYW1lJz0nMTI3LjAuMC4xJywKICAgICdwb3J0Jz0nMzMwNicsCiAgICAndXNlcm5hbWUnPSdyb290JywKICAgICdwYXNzd29yZCc9J3h4eCcsCiAgICAnc2VydmVyLXRpbWUtem9uZSc9J0FzaWEvU2hhbmdoYWknLAogICAgJ2RhdGFiYXNlLW5hbWUnPSdkZW1vJywKICAgICd0YWJsZS1uYW1lJz0ndXNlcnMnCiAgKQ==', 'system built-in table', 1, 1, 1674565178000, 1674565178000, 0);
INSERT INTO lineage.bas_table (table_id, catalog_id, `database`, table_name, ddl, descr, create_user_id, modify_user_id, create_time, modify_time, invalid) VALUES (2, 1, 'default', 'dwd_hudi_users', 'Q1JFQVRFIFRBQkxFIElGIE5PVCBFWElTVFMKICBkd2RfaHVkaV91c2VycyAoCiAgICBpZCBCSUdJTlQgUFJJTUFSWSBLRVkgTk9UIEVORk9SQ0VELAogICAgbmFtZSBTVFJJTkcsCiAgICBjb21wYW55X25hbWUgU1RSSU5HLAogICAgYmlydGhkYXkgVElNRVNUQU1QKDMpLAogICAgdHMgVElNRVNUQU1QKDMpLAogICAgYHBhcnRpdGlvbmAgVkFSQ0hBUigyMCkKICApIFBBUlRJVElPTkVEIEJZIChgcGFydGl0aW9uYCkKV0lUSAogICgKICAgICdjb25uZWN0b3InPSdodWRpJywKICAgICd0YWJsZS50eXBlJz0nQ09QWV9PTl9XUklURScsCiAgICAncmVhZC5zdHJlYW1pbmcuZW5hYmxlZCc9J3RydWUnLAogICAgJ3JlYWQuc3RyZWFtaW5nLmNoZWNrLWludGVydmFsJz0nMScKICAp', 'system built-in table', 1, 1, 1674565178000, 1674565178000, 0);
INSERT INTO lineage.bas_table (table_id, catalog_id, `database`, table_name, ddl, descr, create_user_id, modify_user_id, create_time, modify_time, invalid) VALUES (3, 4, 'default', 'ods_mysql_users', 'Q1JFQVRFIFRBQkxFIElGIE5PVCBFWElTVFMgb2RzX215c3FsX3VzZXJzICgKICAgIGlkIEJJR0lOVCBQUklNQVJZIEtFWSBOT1QgRU5GT1JDRUQsCiAgICBuYW1lIFNUUklORywKICAgIGJpcnRoZGF5IFRJTUVTVEFNUCgzKSwKICAgIHRzIFRJTUVTVEFNUCgzKSwKICAgIHByb2NfdGltZSBhcyBwcm9jdGltZSAoKQogICkKV0lUSAogICgKICAgICdjb25uZWN0b3InPSdteXNxbC1jZGMnLAogICAgJ2hvc3RuYW1lJz0nMTI3LjAuMC4xJywKICAgICdwb3J0Jz0nMzMwNicsCiAgICAndXNlcm5hbWUnPSdyb290JywKICAgICdwYXNzd29yZCc9J3h4eCcsCiAgICAnc2VydmVyLXRpbWUtem9uZSc9J0FzaWEvU2hhbmdoYWknLAogICAgJ2RhdGFiYXNlLW5hbWUnPSdkZW1vJywKICAgICd0YWJsZS1uYW1lJz0ndXNlcnMnCiAgKQ==', 'system built-in table', 1, 1, 1674565178000, 1674565178000, 0);
INSERT INTO lineage.bas_table (table_id, catalog_id, `database`, table_name, ddl, descr, create_user_id, modify_user_id, create_time, modify_time, invalid) VALUES (4, 4, 'default', 'dwd_hudi_users', 'Q1JFQVRFIFRBQkxFIElGIE5PVCBFWElTVFMKICBkd2RfaHVkaV91c2VycyAoCiAgICBpZCBCSUdJTlQgUFJJTUFSWSBLRVkgTk9UIEVORk9SQ0VELAogICAgbmFtZSBTVFJJTkcsCiAgICBjb21wYW55X25hbWUgU1RSSU5HLAogICAgYmlydGhkYXkgVElNRVNUQU1QKDMpLAogICAgdHMgVElNRVNUQU1QKDMpLAogICAgYHBhcnRpdGlvbmAgVkFSQ0hBUigyMCkKICApIFBBUlRJVElPTkVEIEJZIChgcGFydGl0aW9uYCkKV0lUSAogICgKICAgICdjb25uZWN0b3InPSdodWRpJywKICAgICd0YWJsZS50eXBlJz0nQ09QWV9PTl9XUklURScsCiAgICAncmVhZC5zdHJlYW1pbmcuZW5hYmxlZCc9J3RydWUnLAogICAgJ3JlYWQuc3RyZWFtaW5nLmNoZWNrLWludGVydmFsJz0nMScKICAp', 'system built-in table', 1, 1, 1674565178000, 1674565178000, 0);

INSERT INTO lineage.bas_task (task_id, catalog_id, task_name, descr, `database`, task_source, task_status, task_log, table_graph, column_graph, lineage_time, create_user_id, modify_user_id, create_time, modify_time, invalid) VALUES (1, 1, 'first_demo', 'first demo task', 'default', 'SU5TRVJUIElOVE8KICBkd2RfaHVkaV91c2VycwpTRUxFQ1QKICBpZCwKICBuYW1lLAogIG5hbWUgYXMgY29tcGFueV9uYW1lLAogIGJpcnRoZGF5LAogIHRzLAogIERBVEVfRk9STUFUKGJpcnRoZGF5LCAneXl5eU1NZGQnKQpGUk9NCiAgb2RzX215c3FsX3VzZXJz', 1, null, null, null, null, 1, 1, 1674565178000, 1674565178000, 0);
INSERT INTO lineage.bas_task (task_id, catalog_id, task_name, descr, `database`, task_source, task_status, task_log, table_graph, column_graph, lineage_time, create_user_id, modify_user_id, create_time, modify_time, invalid) VALUES (2, 4, 'second_demo', 'second demo task', 'default', 'SU5TRVJUIElOVE8KICBkd2RfaHVkaV91c2VycwpTRUxFQ1QKICBpZCwKICBuYW1lLAogIG5hbWUgYXMgY29tcGFueV9uYW1lLAogIGJpcnRoZGF5LAogIHRzLAogIERBVEVfRk9STUFUKGJpcnRoZGF5LCAneXl5eU1NZGQnKQpGUk9NCiAgb2RzX215c3FsX3VzZXJz', 0, null, '{"edgeSet":[{"edgeId":14,"source":{"childIdSet":[7],"childrenCnt":1,"columnNodeList":[{"childIdSet":[8],"childrenCnt":1,"nodeId":2,"nodeName":"id","parentIdSet":[],"tableNodeId":1},{"childIdSet":[9,10],"childrenCnt":2,"nodeId":3,"nodeName":"name","parentIdSet":[],"tableNodeId":1},{"childIdSet":[11,13],"childrenCnt":2,"nodeId":4,"nodeName":"birthday","parentIdSet":[],"tableNodeId":1},{"childIdSet":[12],"childrenCnt":1,"nodeId":5,"nodeName":"ts","parentIdSet":[],"tableNodeId":1},{"childIdSet":[],"childrenCnt":0,"nodeId":6,"nodeName":"proc_time","parentIdSet":[],"tableNodeId":1}],"nodeId":1,"nodeName":"Flink1_14_Memory.default.ods_mysql_users","parentIdSet":[]},"sqlSource":"SU5TRVJUIElOVE8gICBkd2RfaHVkaV91c2VycyBTRUxFQ1QgICBpZCwgICBuYW1lLCAgIG5hbWUgYXMgY29tcGFueV9uYW1lLCAgIGJpcnRoZGF5LCAgIHRzLCAgIERBVEVfRk9STUFUKGJpcnRoZGF5LCAneXl5eU1NZGQnKSBGUk9NICAgb2RzX215c3FsX3VzZXJz","target":{"childIdSet":[],"childrenCnt":0,"columnNodeList":[{"childIdSet":[],"childrenCnt":0,"nodeId":8,"nodeName":"id","parentIdSet":[2],"tableNodeId":7},{"childIdSet":[],"childrenCnt":0,"nodeId":9,"nodeName":"name","parentIdSet":[3],"tableNodeId":7},{"childIdSet":[],"childrenCnt":0,"nodeId":10,"nodeName":"company_name","parentIdSet":[3],"tableNodeId":7},{"childIdSet":[],"childrenCnt":0,"nodeId":11,"nodeName":"birthday","parentIdSet":[4],"tableNodeId":7},{"childIdSet":[],"childrenCnt":0,"nodeId":12,"nodeName":"ts","parentIdSet":[5],"tableNodeId":7},{"childIdSet":[],"childrenCnt":0,"nodeId":13,"nodeName":"partition","parentIdSet":[4],"tableNodeId":7}],"nodeId":7,"nodeName":"Flink1_14_Memory.default.dwd_hudi_users","parentIdSet":[1]}}],"nodeMap":{"Flink1_14_Memory.default.dwd_hudi_users":{"childIdSet":[],"childrenCnt":0,"columnNodeList":[{"childIdSet":[],"childrenCnt":0,"nodeId":8,"nodeName":"id","parentIdSet":[2],"tableNodeId":7},{"childIdSet":[],"childrenCnt":0,"nodeId":9,"nodeName":"name","parentIdSet":[3],"tableNodeId":7},{"childIdSet":[],"childrenCnt":0,"nodeId":10,"nodeName":"company_name","parentIdSet":[3],"tableNodeId":7},{"childIdSet":[],"childrenCnt":0,"nodeId":11,"nodeName":"birthday","parentIdSet":[4],"tableNodeId":7},{"childIdSet":[],"childrenCnt":0,"nodeId":12,"nodeName":"ts","parentIdSet":[5],"tableNodeId":7},{"childIdSet":[],"childrenCnt":0,"nodeId":13,"nodeName":"partition","parentIdSet":[4],"tableNodeId":7}],"nodeId":7,"nodeName":"Flink1_14_Memory.default.dwd_hudi_users","parentIdSet":[1]},"Flink1_14_Memory.default.ods_mysql_users":{"childIdSet":[7],"childrenCnt":1,"columnNodeList":[{"childIdSet":[8],"childrenCnt":1,"nodeId":2,"nodeName":"id","parentIdSet":[],"tableNodeId":1},{"childIdSet":[9,10],"childrenCnt":2,"nodeId":3,"nodeName":"name","parentIdSet":[],"tableNodeId":1},{"childIdSet":[11,13],"childrenCnt":2,"nodeId":4,"nodeName":"birthday","parentIdSet":[],"tableNodeId":1},{"childIdSet":[12],"childrenCnt":1,"nodeId":5,"nodeName":"ts","parentIdSet":[],"tableNodeId":1},{"childIdSet":[],"childrenCnt":0,"nodeId":6,"nodeName":"proc_time","parentIdSet":[],"tableNodeId":1}],"nodeId":1,"nodeName":"Flink1_14_Memory.default.ods_mysql_users","parentIdSet":[]}}}', '{"edgeSet":[{"edgeId":17,"source":{"childIdSet":[9,10],"childrenCnt":2,"nodeId":3,"nodeName":"name","parentIdSet":[],"tableNodeId":1},"target":{"childIdSet":[],"childrenCnt":0,"nodeId":9,"nodeName":"name","parentIdSet":[3],"tableNodeId":7}},{"edgeId":25,"source":{"childIdSet":[11,13],"childrenCnt":2,"nodeId":4,"nodeName":"birthday","parentIdSet":[],"tableNodeId":1},"target":{"childIdSet":[],"childrenCnt":0,"nodeId":13,"nodeName":"partition","parentIdSet":[4],"tableNodeId":7},"transform":"DATE_FORMAT(birthday, \'yyyyMMdd\')"},{"edgeId":15,"source":{"childIdSet":[8],"childrenCnt":1,"nodeId":2,"nodeName":"id","parentIdSet":[],"tableNodeId":1},"target":{"childIdSet":[],"childrenCnt":0,"nodeId":8,"nodeName":"id","parentIdSet":[2],"tableNodeId":7}},{"edgeId":19,"source":{"childIdSet":[9,10],"childrenCnt":2,"nodeId":3,"nodeName":"name","parentIdSet":[],"tableNodeId":1},"target":{"childIdSet":[],"childrenCnt":0,"nodeId":10,"nodeName":"company_name","parentIdSet":[3],"tableNodeId":7}},{"edgeId":21,"source":{"childIdSet":[11,13],"childrenCnt":2,"nodeId":4,"nodeName":"birthday","parentIdSet":[],"tableNodeId":1},"target":{"childIdSet":[],"childrenCnt":0,"nodeId":11,"nodeName":"birthday","parentIdSet":[4],"tableNodeId":7}},{"edgeId":23,"source":{"childIdSet":[12],"childrenCnt":1,"nodeId":5,"nodeName":"ts","parentIdSet":[],"tableNodeId":1},"target":{"childIdSet":[],"childrenCnt":0,"nodeId":12,"nodeName":"ts","parentIdSet":[5],"tableNodeId":7}}],"nodeMap":{"Flink1_14_Memory.default.dwd_hudi_users.id":{"childIdSet":[],"childrenCnt":0,"nodeId":8,"nodeName":"id","parentIdSet":[2],"tableNodeId":7},"Flink1_14_Memory.default.dwd_hudi_users.partition":{"childIdSet":[],"childrenCnt":0,"nodeId":13,"nodeName":"partition","parentIdSet":[4],"tableNodeId":7},"Flink1_14_Memory.default.dwd_hudi_users.name":{"childIdSet":[],"childrenCnt":0,"nodeId":9,"nodeName":"name","parentIdSet":[3],"tableNodeId":7},"Flink1_14_Memory.default.ods_mysql_users.proc_time":{"childIdSet":[],"childrenCnt":0,"nodeId":6,"nodeName":"proc_time","parentIdSet":[],"tableNodeId":1},"Flink1_14_Memory.default.ods_mysql_users.ts":{"childIdSet":[12],"childrenCnt":1,"nodeId":5,"nodeName":"ts","parentIdSet":[],"tableNodeId":1},"Flink1_14_Memory.default.dwd_hudi_users.company_name":{"childIdSet":[],"childrenCnt":0,"nodeId":10,"nodeName":"company_name","parentIdSet":[3],"tableNodeId":7},"Flink1_14_Memory.default.dwd_hudi_users.ts":{"childIdSet":[],"childrenCnt":0,"nodeId":12,"nodeName":"ts","parentIdSet":[5],"tableNodeId":7},"Flink1_14_Memory.default.ods_mysql_users.id":{"childIdSet":[8],"childrenCnt":1,"nodeId":2,"nodeName":"id","parentIdSet":[],"tableNodeId":1},"Flink1_14_Memory.default.ods_mysql_users.birthday":{"childIdSet":[11,13],"childrenCnt":2,"nodeId":4,"nodeName":"birthday","parentIdSet":[],"tableNodeId":1},"Flink1_14_Memory.default.dwd_hudi_users.birthday":{"childIdSet":[],"childrenCnt":0,"nodeId":11,"nodeName":"birthday","parentIdSet":[4],"tableNodeId":7},"Flink1_14_Memory.default.ods_mysql_users.name":{"childIdSet":[9,10],"childrenCnt":2,"nodeId":3,"nodeName":"name","parentIdSet":[],"tableNodeId":1}}}', 1679451193106, 1, 1, 1674565178000, 1674565178000, 0);

INSERT INTO lineage.bas_function (function_id, catalog_id, function_name, `database`, invocation, function_path, class_name, descr, create_user_id, modify_user_id, create_time, modify_time, invalid) VALUES (1, 1, 'flink_suffix_udf', 'default', 'flink_suffix_udf(String1)', 'functions/function-a/function-a.jar', 'com.hw.lineage.flink.table.udf.functiona.FlinkSuffixFunction', 'return String', 1, 1, 1674565178000, 1674565178000, 0);
INSERT INTO lineage.bas_function (function_id, catalog_id, function_name, `database`, invocation, function_path, class_name, descr, create_user_id, modify_user_id, create_time, modify_time, invalid) VALUES (2, 1, 'flink_prefix_udf', 'default', 'flink_prefix_udf(String1,Integer2)', 'functions/function-b/function-b.jar', 'com.hw.lineage.flink.table.udf.functionb.FlinkPrefixFunction', 'return String', 1, 1, 1674565178000, 1674565178000, 0);
INSERT INTO lineage.bas_function (function_id, catalog_id, function_name, `database`, invocation, function_path, class_name, descr, create_user_id, modify_user_id, create_time, modify_time, invalid) VALUES (3, 1, 'flink_split_udtf', 'default', 'flink_split_udtf(String1)', 'functions/function-b/function-b.jar', 'com.hw.lineage.flink.table.udf.functionb.FlinkSplitFunction', 'return ROW<word STRING, length INT>', 1, 1, 1674565178000, 1674565178000, 0);
